statement ok
SET RW_IMPLICIT_FLUSH TO true;

statement ok
create table t (a varchar, b int, c int);

statement ok
insert into t values ('a', 1, 2), ('b', 4, 6);

statement ok
create materialized view mv1 as select string_agg(a, ',' order by a desc) as res from t;

statement ok
create materialized view mv2 as select string_agg(a, b::varchar order by b) as res from t group by c;

statement ok
flush;

query T
select * from mv1;
----
b,a

query T
select * from mv2 order by res;
----
a
b

statement ok
insert into t values ('c', 2, 2), ('d', 3, 6);

query T
select * from mv1;
----
d,c,b,a

query T
select * from mv2 order by res;
----
a2c
d4b

statement ok
drop materialized view mv1;

statement ok
drop materialized view mv2;

statement ok
drop table t;
